user_id,user_gender,username,email,password
1,Female,adam54,shellyturner@example.net,jLA)99Gw(c
2,Male,uwhite,ygreen@example.org,*5AV&BNnik
3,Male,michaelcollins,tinaavila@example.net,gq^q&6Ta7c
4,Male,danielssabrina,josephsmith@example.com,%xa4YLKiU^
5,Male,diana13,brentdavis@example.com,@8R4X!3d5H
6,Male,tammymorrow,phillipsbrandon@example.com,b5KQBJ^J^A
7,Male,sspencer,michaelking@example.net,i7KKmze!%p
8,Female,daltonjane,johnnywright@example.org,%t2wLIzmI!
9,Female,cynthia18,wellsjacob@example.com,_@UPJpXq18
10,Female,tracymyers,alexander84@example.net,B9oS5qyQ*1
11,Male,jeromedouglas,michelle66@example.org,Yo7z^FhoX&
12,Male,rossanita,latoya89@example.org,^18SjE2z8r
13,Female,deniseclark,ryan24@example.org,#C%7l1MeY3
14,Female,katherinerusso,teresa71@example.net,Ex2XXXem_#
15,Male,williamschristopher,crystal03@example.net,*3Jc6FUs%v
16,Female,melissa78,john03@example.net,q&4dB0+nlg
17,Female,angelicajacobs,ericmitchell@example.net,&1E4PsTDce
18,Female,cherylkennedy,myerslori@example.org,#2(JZXy#la
19,Male,clynn,wernerraymond@example.net,H&0Ku4gf^%
20,Male,lopezscott,vargasdenise@example.org,4VF3UDjml(
21,Female,vincentbuck,jamesevans@example.net,!yAlCYbCh6
22,Female,laurenevans,alexandershawn@example.com,x0J$82BjUd
23,Male,harringtongrace,andersontiffany@example.com,WXpWXi#u*1
24,Male,francis19,paul71@example.net,Fy5tKnn&#U
25,Female,ttodd,loribowen@example.com,@jkemTb&U3
26,Male,tracie56,ohampton@example.net,^@bIDsw(9j
27,Male,donna17,eugene37@example.com,p+X6SPksBZ
28,Female,vyoung,jessicascott@example.net,_E0EfF^(v!
29,Female,danielcortez,wilsonmelanie@example.org,7R3ITgje%3
30,Female,michaelking,kenneth55@example.com,q^TcPUH+)2
31,Female,jessicamartinez,zvaughn@example.net,9tBPT1Xr_@
32,Male,kimberly37,russellmercer@example.com,@PnH19Zj7_
33,Male,johnstrickland,kochtroy@example.org,#3%MXQb5^6
34,Male,annelee,ricejenna@example.net,Wj1l$9LmI^
35,Male,aharmon,brandon27@example.org,&3iH_Pkb$H
36,Male,jose76,melissa16@example.org,Wf2l1P5k#c
37,Female,jamesconley,callahandaniel@example.org,)#RLryEv15
38,Female,ellendorsey,kyleallen@example.com,M5(%3pT9!g
39,Female,ymiller,gbutler@example.net,b5O4RWGg(F
40,Female,gregory28,lisaconway@example.net,+!4XVll$zN
41,Male,thomasdowns,nhanson@example.net,#3VAn6xs2E
42,Female,eric70,kelly23@example.org,)!zZXjZ&r8
43,Male,wparrish,cathy58@example.com,ov78Q+Nm^5
44,Male,andrearichardson,nbradley@example.org,H6LPIfV&$9
45,Male,amandareynolds,matthewshea@example.net,f!p1J9NdWQ
46,Female,javiermurphy,bradfordmike@example.com,XJ*Xt5DdO&
47,Male,crystalbrown,judithrandall@example.com,&Hd0iqvi&%
48,Male,josephmoore,angel84@example.org,bz+7*GmNyn
49,Female,roblesvictor,balllauren@example.org,1K(AR_zM%_
50,Female,janet26,lucas20@example.net,Q^a11ORx7c
51,Female,gonzalezandrew,gmassey@example.org,9izPUGKe@y
52,Male,andrewsalbert,roykim@example.org,*R6DHpcz28
53,Female,marydunn,katherine42@example.net,*i!MKB(w1G
54,Female,usoto,christophershaw@example.com,sej9Axn%%f
55,Female,javier72,hmejia@example.org,xQ^0L9cenV
56,Female,wkennedy,fgraham@example.com,&^QXkMeZk6
57,Male,simssandra,markcook@example.net,$0FTL03ii%
58,Male,gjenkins,thomas40@example.com,_!7UElRBnv
59,Male,stacey98,stevenwhite@example.org,)YAV0dBf+N
60,Male,kbooth,wrichardson@example.net,61Fl@*kv)X
61,Male,michaelprice,anthonygray@example.net,HL5FaJEm)F
62,Male,lhaynes,sarah25@example.org,*OL8DZVf(6
63,Male,melissalee,ryanfriedman@example.com,@T2vEv6(fb
64,Male,maxwell54,villarrealmichael@example.net,2@0xZgyhNT
65,Male,watkinson,benjaminwall@example.com,(nx8YxXM$o
66,Female,aaronallen,mirandapatrick@example.org,7PPaJ+y6+x
67,Female,bradfordrobert,mooneyrebecca@example.net,&31Zrvmhg8
68,Female,michaelmoore,savannah46@example.org,!j1JsiihTE
69,Male,dorseymegan,tgonzalez@example.com,jNfP%0Ufq(
70,Female,harrischristopher,snichols@example.net,#42R^PmDTk
71,Female,rebeccagutierrez,maychristina@example.org,V+e6HuKoKc
72,Female,antonio25,joseph33@example.net,3(82PZoDwa
73,Male,ericward,zcarter@example.net,&x9v5ENzPG
74,Male,imassey,joseph85@example.net,6d1m2CXS+w
75,Female,sabrinamay,lisaparks@example.com,X2ZN#Axe)N
76,Female,mark16,grace32@example.com,I44&WakQ_F
77,Female,james86,hallkayla@example.net,$5E7jH#pnS
78,Male,hmitchell,douglasrodriguez@example.org,OZ(3Htd3g%
79,Female,rbell,edavis@example.net,&4KINRSfKh
80,Female,lwells,msteele@example.com,71NUkqUu)K
81,Female,leahboone,romerodustin@example.org,(^rGS6Wis0
82,Female,michael54,usilva@example.net,X0JBoGrU*k
83,Male,vsaunders,watsonchristopher@example.com,$4&qEBmr&N
84,Female,garysanchez,anthonymorales@example.net,2X8zBd8G!w
85,Male,valeriewhite,sarah97@example.net,_8u$CX5oXu
86,Female,john76,copelandjonathan@example.net,4(Q*kkAc&9
87,Female,uporter,johnathan59@example.org,i)r4Xde2*&
88,Male,bookererika,meghanramos@example.com,mza4sAhDG(
89,Male,tammyadams,aprilhubbard@example.net,_7zYW$nc4a
90,Male,johnsonkevin,rubiojesse@example.org,K6a$K!hh#d
91,Male,tiffany29,zreed@example.com,)%qFLA2w^2
92,Female,fsmith,teresa26@example.net,#^9IQn4CXa
93,Male,wwright,novakkristina@example.net,eV7xMsc6!v
94,Male,lward,daviddixon@example.org,Hi+7*OLdm6
95,Female,fhooper,jasonnelson@example.com,D51NBHkx+l
96,Male,terryeric,hebertjoshua@example.org,!Z7PvKjI$p
97,Female,martinarthur,carmen26@example.net,r!v1lxDvN!
98,Male,dianadelacruz,swright@example.net,IM(xsTfd!0
99,Female,zhowell,amandaandrade@example.net,#z&3)7J3L#
100,Female,danielcastro,donaldhodges@example.org,8*3aOJtO$0
101,Male,victoria78,johnsoncorey@example.com,Ts1Z+Qha@x
102,Female,jasonvaldez,tammy83@example.net,^vhMmJkRU5
103,Female,wpatterson,michaelrose@example.com,tM9MrDw5+G
104,Female,william21,carrie08@example.com,9f9(CPQw*%
105,Male,deannawilliams,freemanvictoria@example.com,Oo8QO1j)!%
106,Male,jacobmays,pamela88@example.com,dMv)2VsYA%
107,Female,david41,qsullivan@example.net,r%3x(&MpK7
108,Male,gwilson,scottsmith@example.net,@Gc78HbXLC
109,Male,christopherwalker,nicole00@example.org,3z0Hg@A*@#
110,Male,veronicageorge,nicole69@example.org,#0LLP3pn@0
111,Female,mmay,veronicareyes@example.com,xTb&9LcSh%
112,Female,joanmcdonald,alexis32@example.com,_LI)vqS0R0
113,Female,marissalawrence,trujillopaul@example.net,M#9Melh++V
114,Female,amolina,johnsondustin@example.org,&)0Bv!I*EB
115,Female,donald14,timothynguyen@example.org,$56dPRpfKh
116,Male,lynnperez,william22@example.net,Xrl6@pIwT+
117,Male,wilsonsamantha,james73@example.org,+#8UTS8u%)
118,Male,oford,ortegajohn@example.net,2AH4gA4x!7
119,Male,vcarter,susanjenkins@example.com,Ra+4NQBiZ#
120,Female,newtonleonard,ryan35@example.net,p2+4OGp!rw
121,Female,robin34,ulopez@example.org,)0t1PcRWeY
122,Female,joshua47,vwang@example.net,O_c6nWPTzo
123,Female,brownbrady,stacey60@example.com,HH$I7Eak)$
124,Female,sparkscameron,nbullock@example.com,u2oDu(DJ@Z
125,Female,tonyatrevino,ramirezdavid@example.org,ZP4N8+PlD_
126,Male,ocurtis,reidmisty@example.org,%asVMGG+V5
127,Male,tiffany28,camachowarren@example.com,^7E^pZRKax
128,Male,kristen84,westrichard@example.com,D^_x0S+s%a
129,Male,vasquezchase,stephanieperez@example.net,D8b5W4Mz$z
130,Female,clarkmatthew,smithkarla@example.org,2d#e2Fvmbc
131,Female,dunnstephanie,eric28@example.com,&4T%jgM1qR
132,Male,rossveronica,richardbarnes@example.org,^H+W4PMtn4
133,Female,comptonapril,rhondadiaz@example.net,(9SpPb+B%0
134,Male,kyleparker,jared93@example.org,#2x#Bqq(IX
135,Female,ramoselizabeth,jennifer11@example.com,*TSAs^Vf03
136,Male,hollygutierrez,kyle80@example.net,9XI6$oVy_S
137,Male,rgonzalez,pfoster@example.com,37@Hvnh__V
138,Male,zperkins,thomaskrystal@example.org,454P4YmW(d
139,Male,toddrichard,robertjackson@example.org,&K1XP0ThI$
140,Male,christopher32,yali@example.com,d^2ix&Ce6H
141,Female,mary97,callahandaniel@example.net,+6iHh#mDEU
142,Female,mooredonald,gmatthews@example.net,dBi^87Kkn^
143,Male,martinezdale,tpruitt@example.net,(7ATTz8j(9
144,Female,laura38,thomas46@example.org,Y62odZQbt*
145,Male,robinsoncharles,garciacynthia@example.org,53V!fbG*%(
146,Female,billymartin,ronald46@example.net,#U2Zx)b5Cf
147,Male,james67,jane52@example.net,(wNWPa%r1U
148,Male,benjamin81,elizabethchavez@example.com,4mYQB!A#$^
149,Female,hendersonmary,simpsonjeffrey@example.org,9LNzzvDt%w
150,Female,jennashannon,john60@example.net,Akp_)0YhO#
151,Female,gregory61,nadkins@example.net,kd7I*Aflz(
152,Male,kent48,uhayden@example.net,S6Kcmpkg!I
153,Male,moonheather,wmartin@example.net,O9IV)6jn*i
154,Male,paulhuynh,jodyrodriguez@example.com,w7ynF0Fq))
155,Male,mbrown,william40@example.net,r#4MXa+RQ8
156,Female,reedshaun,lauren53@example.org,A4$O_MVl@f
157,Male,brittanytrevino,sara18@example.net,#1XORhawYO
158,Male,michael83,christinarice@example.org,G)9^MkGmpw
159,Male,yparker,fishersuzanne@example.net,!C13CIxZ8e
160,Female,richardsonselena,mooredanny@example.org,*_70CGoC4K
161,Female,susan95,regina91@example.com,(_I5QTgb8^
162,Female,aguilarmonique,jim32@example.com,)8jU#vWZEG
163,Female,mdixon,carlwebster@example.net,&)#16IkFOc
164,Male,elizabethlee,ymartinez@example.com,6(8IHv71aA
165,Male,rebekahsmith,bellcaroline@example.org,(@i9rEa*gg
166,Female,daniel71,austinallen@example.net,ZF9FO+uH*w
167,Female,cjohnson,scottfranklin@example.org,*qsX7i0#h2
168,Female,bradleyrusso,lori26@example.org,+@HOv0PHdf
169,Female,lkline,umccormick@example.net,N2Atn9iZ^C
170,Female,jeremiahcarter,ukelly@example.org,)PKH4%o!l8
171,Male,stevenhernandez,uwiggins@example.net,v4KZpfF0&6
172,Male,floydkim,adamhiggins@example.net,@4wiJG_jnr
173,Male,tylersimpson,flittle@example.net,^Gu#Y7Qa0(
174,Female,nealashley,dflores@example.net,+lcWapTw26
175,Male,ericayork,eric48@example.com,B!BPdV^z&6
176,Female,benjamin19,alexturner@example.com,$6j*z5jfV2
177,Male,taylorchristopher,huertajennifer@example.org,S(2KgaPp!l
178,Female,robert57,apeck@example.org,y&3EDgpf+7
179,Female,markcook,roy70@example.net,Ty)8DzP_T#
180,Female,vasquezkathy,allengraves@example.org,70BTfLAy*M
181,Female,nbird,david09@example.net,p#9KrCRg%9
182,Female,ejones,matthew90@example.org,*8BgYcHJFt
183,Female,austinburton,maxwelldiana@example.org,w*x(7)Tbu#
184,Female,johnsmith,jose30@example.net,#LB7a0Rggu
185,Female,kelly64,mfitzgerald@example.net,j$(87Akdnq
186,Female,richardkelly,yking@example.com,M*3dyYYum8
187,Female,richardwalker,erodriguez@example.org,+nad&OrrE7
188,Female,hjones,karendiaz@example.net,!(B3MGEc3n
189,Male,fpowers,masoncurtis@example.net,65JLEi6w!L
190,Male,amy53,jackie85@example.net,*jU2@Hyq41
191,Male,smithteresa,mary27@example.com,^1CFB_3Sqx
192,Female,lisabrown,laura50@example.com,V94PkVkm!M
193,Male,gomezmichael,ericjarvis@example.net,8F9OunCr+8
194,Male,kimberly67,pcross@example.com,C_H2*hUcEI
195,Male,adam12,brian09@example.org,^R79l3JlnQ
196,Female,erincase,mgoodman@example.com,96FEX3@e*z
197,Male,vshaw,ochoamichelle@example.net,^3eWc4#Dt5
198,Female,nwhite,hansenpamela@example.net,#+)(Dkko$6
199,Male,janice08,mblair@example.org,%Kf9B#dRP4
200,Female,hernandezalyssa,gregoryhernandez@example.org,*qUn%AkRy4
201,Male,daniel95,curtiswright@example.com,8SidQvmh_w
202,Male,lwatson,colematthew@example.net,@%TKI3Daq5
203,Male,abooth,kimberly31@example.org,(6Az&Lv#xO
204,Female,shawndavis,kchase@example.org,(3ICsk@sZ@
205,Female,curtis90,hodgeschristopher@example.org,5vBlE5H4(2
206,Female,jonesjack,michellerichardson@example.net,1KJeJaqU(U
207,Male,nathan89,zbarnett@example.com,9z7lC9Ia#Y
208,Male,jacob86,riverakristina@example.net,bgA6rcGu^E
209,Male,garrettmiranda,morganzoe@example.org,$)U1gUy^W)
210,Male,jsandoval,pclayton@example.net,SIgt$6Fib$
211,Female,huffmanvictoria,sanchezlaurie@example.org,38JFcB&a)(
212,Female,zboyd,coltongomez@example.org,L_i4t9Qg5*
213,Female,allison57,lopezkevin@example.net,#nTIa5hon6
214,Male,darrenvazquez,qkeith@example.com,iZ$0UThiCL
215,Male,thuber,josephsmith@example.net,_7sq7LuA^*
216,Female,madison68,dburton@example.com,7TSObR%o!!
217,Male,lindseyhansen,gmiller@example.net,Q*6RCn@Y*F
218,Female,michaelsanford,gardnermichael@example.com,#1&6zJbbdC
219,Male,jbenson,jason44@example.org,&_9l7AVmkw
220,Female,shansen,smithjames@example.com,XvkDIfeP_7
221,Female,misty36,olsonmichael@example.net,^y8IvoeM3f
222,Male,paula18,hicksstephen@example.org,U^5vuzRrH(
223,Male,michael53,lloydgary@example.net,Ot8Ny*LCD!
224,Male,chernandez,christinehernandez@example.com,*!$5Qb&gfb
225,Female,sarahlang,jacquelineortega@example.com,X0X@pqfb$j
226,Female,aweber,kent21@example.org,34D)KAb^@a
227,Female,monica03,pruittbrenda@example.org,w6LM$Vll%Q
228,Male,framos,brett11@example.org,&6hc%TqsCU
229,Male,mckenziepetty,smoore@example.org,!8^LyrflI&
230,Female,david31,chandlerandrew@example.net,*Y3OfbgHB@
231,Female,adkinsthomas,meganwillis@example.net,%38Og+vf+_
232,Male,owyatt,kathrynramirez@example.org,d^U99DHpoV
233,Male,duanecooper,carternatasha@example.net,62FZbEIc+^
234,Male,marknewman,stephen58@example.com,@jLt@1Tl+f
235,Male,alexis62,kimberly99@example.com,^vx9)6Ik#v
236,Female,lorigraham,maryfisher@example.com,I1K2F*7o&5
237,Male,randall63,eacevedo@example.org,r1R3G7Z7^@
238,Female,martinezjohn,ohunt@example.com,%Y4(bCLeuM
239,Female,frank34,pamelamartinez@example.com,_t3xBo89!I
240,Female,jennybarnes,myerscolton@example.org,0jXxmSo^@F
241,Female,hillbrad,roberta10@example.com,!js3Ka%5%!
242,Female,casedarlene,smartin@example.net,A#JP6R%g)d
243,Female,xsmith,rachelmiller@example.net,FE7jWSRv!C
244,Male,jenkinsemily,arthur83@example.com,vArO47Txm$
245,Male,ronald76,danielcollins@example.org,f88oHlju&u
246,Female,kayla73,ymendoza@example.org,P9G+NPOu@6
247,Female,jessica33,diamond09@example.com,oLv_0EVzmR
248,Male,robertdominguez,knoxkevin@example.org,2jXWEtbX*G
249,Male,angelarogers,qblackburn@example.com,Q*Tc0CjtU#
250,Female,vegavanessa,matthew73@example.com,@E0u9WVj@7
251,Female,idavis,john93@example.com,*CanMp1^9f
252,Male,pblair,robertskatherine@example.org,+nd4x3Wr7F
253,Male,millervictoria,nelsonchristina@example.net,0+xwbM8j$^
254,Male,carpenteramber,matthew82@example.org,(__7U5dEgo
255,Male,john91,cynthia20@example.org,(8+0DPzftm
256,Male,hannahgonzales,jason71@example.com,**4Oszm*JH
257,Male,aperry,carlanguyen@example.org,3&kifDx!)y
258,Male,cjimenez,stephanie77@example.net,g^GTYcfn+4
259,Male,ahardy,crystalcalderon@example.com,+8A1Wn_Ohs
260,Male,lwhitney,slee@example.org,%81AMJGu_E
261,Male,pburns,zpruitt@example.org,#gU8nBnSAv
262,Male,nicholasking,joshuafoster@example.org,k6Bw)_Hr$P
263,Female,pamela74,ashleyparsons@example.org,Y&7XRuC_4*
264,Male,paulgonzalez,reynoldsjulia@example.net,puEK0Vpy#r
265,Female,cassie09,aramirez@example.org,y&5pF%sJ8&
266,Female,fvillarreal,trevor04@example.org,97)LdYHs!I
267,Female,anne83,linda66@example.org,o!G6ZUSaF^
268,Female,brownnicolas,joshuamayo@example.net,^J3LX!jxik
269,Male,robert33,yvonneheath@example.com,N*7Og@zmN#
270,Male,nnorton,jonesmatthew@example.org,4f5SQ7hx((
271,Female,bryan32,laura68@example.net,T0S1tnTy^1
272,Female,rogerbrown,mperkins@example.com,j^3#@Ghht!
273,Male,herrerabryan,william94@example.org,^779QUS3dw
274,Female,smithjohn,tclark@example.org,x^Ol8Syakr
275,Male,timothybrown,nicholas17@example.net,4f!9H^rM#B
276,Female,jacob28,madisonrivera@example.net,w@4DFAd@U)
277,Female,diane42,nathanlivingston@example.org,+M92WG@ay$
278,Female,anicholson,patricia85@example.org,&)76yYWsSj
279,Female,marymedina,jane51@example.org,(8&X%qa((J
280,Female,michaelrussell,jeffrey38@example.org,4TUYu!_w!e
281,Female,esexton,xsmith@example.org,oiIHn_Rp*5
282,Male,qsosa,mooremallory@example.net,m+^17YlheZ
283,Female,robertmartin,ysimmons@example.org,kj^n$2Qimc
284,Male,burnskimberly,matthew11@example.com,rO)I8mg&_2
285,Female,collinsrebecca,charlesmeyers@example.org,5^6*E2Sf(C
286,Male,dawnvillegas,brittany04@example.net,0I0TF1rP%^
287,Female,paul86,kchambers@example.net,0fcd1CsR(2
288,Female,sday,robertsjustin@example.net,#HR^%fKhH0
289,Female,nicholasjacobs,sandrawhite@example.net,)2A*EjJr02
290,Female,marystephenson,ericabyrd@example.com,n&_n3dVjGp
291,Male,audreybrooks,dannydavis@example.org,N4)1*QdCIo
292,Female,julia51,tracy94@example.org,94tQ#6I_)y
293,Male,boydjorge,lowerydavid@example.org,^32T0eNbjh
294,Female,tmartin,jennifer24@example.org,x#&3Djt*#y
295,Female,ronald53,kmejia@example.org,$34VE60wpE
296,Female,zhiggins,joshua83@example.com,@C1CFRAk)$
297,Female,pjohns,mmurphy@example.com,Wn3Cu1m@H@
298,Male,matthew83,sharonwatson@example.com,C1JkSpbG!Q
299,Male,johnsjennifer,bassjessica@example.org,vN1S7q+y&+
300,Male,dvelazquez,yrussell@example.net,UsFhtnzv&2
301,Male,emartin,raymond68@example.net,_1SPlRtQsQ
302,Female,vtorres,jjohnson@example.org,r8DtfnFg_a
303,Male,vkramer,elizabeth29@example.net,t!2zkcrD!J
304,Female,jillian10,hernandezjared@example.org,&3gasKhWSa
305,Male,john07,gilmoresteven@example.net,047CVJsv!!
306,Female,lcalhoun,danielstevens@example.org,^Y4UQnPOm6
307,Male,owenssteven,robertanderson@example.com,&7*hHZ$rUZ
308,Male,wileyalicia,lorikim@example.org,g%1n^VncAx
309,Female,nicole62,cwolfe@example.org,*3MsT7oXo^
310,Male,hglenn,emmaunderwood@example.net,!dx$XMcUe5
311,Female,hamiltonbrittney,bobbytyler@example.net,kn8UNAK%L$
312,Female,jessica55,michaelpatterson@example.org,_Unh!fFgZ2
313,Male,cheryl42,paulblack@example.net,&eWHMbLGp8
314,Male,alexisroberts,phuffman@example.net,tm7PcAEn)6
315,Male,pamelafreeman,alvaradonichole@example.net,0IK46XZf**
316,Male,johnathan50,swilliams@example.net,Grn0BggKG)
317,Female,natalie65,henryclaudia@example.net,o9NDa2Cx&^
318,Female,mary41,mooneyjordan@example.net,qz3*VJnGT$
319,Female,aarontran,melissa21@example.net,%6Re@EzYw+
320,Female,mwaters,drew02@example.com,Ax7Ec3Y4&2
321,Female,mmartinez,joandoyle@example.net,t9NvzbGB&a
322,Male,lauren66,nguyenjennifer@example.com,%0XaGi87ir
323,Female,nancy94,harriscatherine@example.com,fS^y5)NimC
324,Male,mdavis,vgill@example.org,7x0B5)orO+
325,Female,justin04,erica01@example.org,(TAHd@$of0
326,Female,lhorn,pfriedman@example.com,5cMswKtx(L
327,Female,kimberly94,alexanderjulia@example.net,r$lM0HxuXg
328,Male,josephfranco,smartin@example.net,^SZBRkYD5b
329,Female,mirandaerickson,amy21@example.com,K3TWG4Bz_(
330,Male,glennking,walterjohns@example.com,%q0z4)DpK#
331,Female,leecalhoun,pyoung@example.org,62#WR^xy_E
332,Male,ndelgado,thomaswilliam@example.com,oqX9QngH!5
333,Female,jacksonsarah,schmidtsteven@example.org,g%7W6m_B6)
334,Male,grahamdavid,logantimothy@example.net,_gT)F3XcIe
335,Female,maria51,holtbrittany@example.com,@o)NPyNT)6
336,Male,rgonzalez,pbrown@example.org,$^42AsyI2m
337,Male,tjones,robert50@example.net,!$9H3B*$Rf
338,Male,paula93,robertvaughan@example.net,8_0GnJP7E)
339,Male,ksmith,davistina@example.com,^9RC@euE+9
340,Male,evan07,roymark@example.com,^cVtHXnke1
341,Female,fwilcox,scott13@example.com,9&2ISRnlH^
342,Female,lance60,higginsvicki@example.com,qZ1bVdfa6+
343,Male,larry15,hdawson@example.org,gW3dAvnz$#
344,Male,asexton,mitchellbrett@example.org,$LSsIMpz4B
345,Male,gavery,walshtracy@example.net,ncm7TH41X^
346,Male,christophersmith,lmiller@example.com,d4n_J!DC^j
347,Female,zjimenez,phillipsashley@example.com,ZD8S+F7d%J
348,Female,novakrachel,gmunoz@example.com,5irkMvFQ@9
349,Male,tyler46,shawn69@example.com,b5+FMM@W_A
350,Male,jamie48,nicholemoses@example.org,vgweJO^T_5
351,Female,luiswoodward,perezrobert@example.com,*0WNdXh8u)
352,Male,brandonjimenez,brianmarshall@example.org,(v1rV1Iwj9
353,Female,randall35,katherinehardin@example.net,^@A2hD6j0G
354,Male,tamara90,moonchristine@example.org,QwX1q@Bl(+
355,Male,fweaver,michael21@example.com,G5U@6yew^Z
356,Male,amandajimenez,melissajordan@example.com,rv9dNtKwm)
357,Female,esantana,stephanie92@example.org,OH@JvWbx#1
358,Male,michael22,prose@example.com,+m9GPidJAA
359,Male,sherri76,diana41@example.net,cyv$7+HdfG
360,Female,michaelthompson,lynnhall@example.org,jf6QwaiPY+
361,Male,cabrerakatherine,mscott@example.net,gXlhBsEN^2
362,Female,andrea01,mercadotyler@example.com,&92BVJla#j
363,Female,garciahayley,amartinez@example.com,)Qm6FaVm_*
364,Male,ismith,john27@example.com,_1DBAgE3X4
365,Female,carneyjeffrey,catherine71@example.net,$$4#aFk4z@
366,Female,lwilliams,zrodriguez@example.com,Rm(Xfwnw!1
367,Female,john93,terristewart@example.org,^07YZkGxyz
368,Male,woodmarvin,marcusavery@example.com,+hbYLf!qA9
369,Male,ballen,michael97@example.org,@No7(Wij$7
370,Female,mday,castilloheather@example.com,91YV^6Sxik
371,Male,gregory21,flemingjoseph@example.com,!*S2#WLdSa
372,Male,timothycooper,parkercheyenne@example.org,50ozZ$pu(6
373,Male,cynthiajackson,pruittnicole@example.net,tg0PGw^#l(
374,Male,caleb72,danielbrown@example.org,*7%61Gc$^Z
375,Male,brian55,logan68@example.com,UDIE28Rq$+
376,Male,dshields,utaylor@example.org,_eck5uQvb5
377,Female,christina35,benjaminjackson@example.net,q8Ch&NEn*y
378,Male,aphillips,alan07@example.org,)D86gzSp+X
379,Female,robert39,jamesnelson@example.org,+_SAoWat+4
380,Female,sheryl62,timothyball@example.org,^(hB+Agwo4
381,Female,rachel15,laurengarcia@example.net,%04lVbAFo&
382,Male,mdalton,lesterdavid@example.org,_u6)#VYuO3
383,Female,ygarner,lamjasmine@example.net,_SfIyG5Ix5
384,Female,masonbobby,xlara@example.org,+9%eevDxuR
385,Female,cjones,blevine@example.org,D0GoGUTp)Y
386,Female,richard62,barrettmarcus@example.org,%#$9fPfRUk
387,Female,jasontaylor,carolynthomas@example.com,$zlUmt*pd1
388,Male,jnicholson,richardfigueroa@example.org,7@S2)iUd&^
389,Female,edwardstimothy,irodriguez@example.net,*12lfDsJqT
390,Male,jacquelinebenson,stephanieadams@example.org,j+WEY0vC%9
391,Female,thompsoncindy,kjones@example.com,_#9tXZF@Ta
392,Female,cohenkayla,cmoore@example.net,*NmzCYmo92
393,Male,zacharybarber,kgarcia@example.com,t*I2X*xh*m
394,Female,donnanorman,williamsalexander@example.org,u4vVjCkx+$
395,Male,johnsonadrian,thomas04@example.org,8SNo8wr!#_
396,Male,sheilawilliams,justin41@example.org,)1KDFJcLG1
397,Male,josephclayton,amber21@example.org,Lp8Bae$y!R
398,Female,cdavis,lukemyers@example.org,Y@at6XxNBq
399,Male,james83,ballvictoria@example.org,%YB^gNak&2
400,Female,dixonchristopher,olivia78@example.com,*BppCW^gW4
401,Female,delacruzsusan,sydney43@example.org,*6cxOqg_b%
402,Female,lindsay14,qho@example.net,Wc8^c9Wb#N
403,Female,campbelllawrence,maynardtina@example.com,gd2RchWv^E
404,Female,lisa18,allison34@example.org,9lMgf+u8(U
405,Male,michael26,operez@example.org,(#B2R2PnI_
406,Female,philliptorres,estradabrittany@example.com,m@0Gj(6o5S
407,Female,ebutler,susan35@example.org,9DATCvaP)2
408,Male,joshuabutler,jcox@example.org,*V4iZKg42j
409,Female,hjackson,kylele@example.net,lO8n36Fb&x
410,Female,carrietaylor,scarroll@example.com,j9qGN5k5$K
411,Female,brandybrown,solispaige@example.com,+*2JmA0cmt
412,Female,blackdaniel,richardsonsteven@example.net,q1Tc(X#N()
413,Female,zvargas,kimcharles@example.net,+7U#KctDpV
414,Female,qrussell,amurphy@example.net,S&%S4fAqkY
415,Female,watsonbarry,raymondstafford@example.com,RRPi0WEhH&
416,Female,mosssean,oflores@example.net,+K*VgCSox7
417,Male,bradleygordon,kjones@example.org,!43SuAmCsv
418,Male,orobles,wesley90@example.net,B@+8OHelWm
419,Female,neilfletcher,jason78@example.com,C_+H3QDfF7
420,Female,brookemorris,elopez@example.com,_rJz#GT(2v
421,Male,strongdylan,amymonroe@example.net,Fcr3cGZy*N
422,Male,cruzdamon,usullivan@example.com,&1z6B4*x87
423,Male,denise18,markcaldwell@example.org,U)0YA9Gb$T
424,Male,john27,john30@example.net,e9f90gKo%s
425,Male,mariamcintosh,anthonymayer@example.com,8BKseGLq&r
426,Male,mfisher,anthonycastillo@example.net,E5+l2)dB_g
427,Male,brett01,katherinehampton@example.com,#a@v^AB115
428,Male,reginald29,laura42@example.com,im7n(aMm$4
429,Female,daniel24,walshmichelle@example.org,tCb!2sEmhs
430,Female,nvelasquez,nathan24@example.net,#Ah47Iuwv!
431,Male,sbrooks,brandondavis@example.net,OK!3ZJrHj8
432,Female,veronica38,michellewright@example.org,8+D6NeCwY@
433,Female,grantmatthew,anthony22@example.com,8OnPiDDy_F
434,Male,ashleyjacob,hcasey@example.org,+G6YPOi@4z
435,Female,brandonli,jimmy67@example.com,(S4KuPBWtF
436,Female,robincaldwell,courtney73@example.com,^pjZXhez7L
437,Female,lydia42,jessecobb@example.com,*q3f0IbUtJ
438,Female,millerbrad,wendydodson@example.net,)M1vUmXOWn
439,Female,alexanderthompson,ana88@example.com,107TuxCi)(
440,Male,simmonsangelica,carmen88@example.com,PJhW95AdZ&
441,Female,teresa05,mitchell63@example.org,nqr8JA&0b*
442,Female,gabrielmclean,trosario@example.org,5siCsbCF&3
443,Male,alexperkins,james18@example.com,^0@xKCjHAD
444,Female,qadams,wblack@example.com,e%)1VF5ql$
445,Female,ytyler,davidmcgee@example.net,^5zqB6m*WT
446,Male,carlsonzachary,joseph74@example.com,T35BhqE4^e
447,Male,campbellanthony,johnsonjeffrey@example.org,*8L8hj*dK8
448,Male,wkirk,kristina98@example.com,94Veq@zu$M
449,Female,pelliott,mwhite@example.org,_67BJepF*F
450,Male,dianeturner,dawn34@example.net,V0+9JXAz$E
451,Male,stephanie10,john11@example.com,&l+6Qhlg@D
452,Female,hayesdouglas,melissabrown@example.net,eGIYaKIL!3
453,Male,vaughncandice,harveynicole@example.com,()5KKDi)@f
454,Male,sonya48,ramirezrobin@example.com,(7Z(IVEs5Z
455,Female,pcooper,jessica32@example.net,$Uf+MngI)6
456,Female,beardmichael,allison21@example.org,+#6C67yd70
457,Male,ernestmartin,kbauer@example.net,#9EsMVhf#6
458,Male,barkerstephen,lisaobrien@example.com,L)^a2RvjbO
459,Male,vcherry,melissa46@example.org,e6t6ETAbv#
460,Female,josepholson,castroheather@example.org,TI6TjtYbt^
461,Male,samuelrussell,tristanjones@example.com,9iYtNdut)f
462,Female,brandtmark,guerrachristine@example.net,3_xnIT3s!r
463,Female,hendersonjames,dominicpowell@example.org,$Mm3NrmO#I
464,Female,emiller,georgefarrell@example.com,($%3g7Rn5P
465,Male,mendezjose,peter73@example.com,%^G(Vom4oO
466,Female,hurleykathy,brandy34@example.net,I58ZY!4n+q
467,Female,jalexander,schneiderjames@example.com,VK3sw0sMP!
468,Male,ashleywolfe,debrahart@example.net,I7QUH@w*$a
469,Male,jenniferschwartz,christopher84@example.com,qKw+2Qi_%u
470,Male,burkekylie,carternicholas@example.net,Xh8uX2uU%m
471,Male,chelsea95,russell28@example.com,3@%4EWysef
472,Male,hoodlance,laurie67@example.org,cU4PSQdjn)
473,Female,shannonhoover,mary26@example.com,B7!VEp7u@e
474,Female,kimberly15,dadkins@example.com,0)Gj7Kp7NS
475,Male,smithbonnie,zjohnson@example.org,&2IptxHF$p
476,Female,tanner62,ywalton@example.net,+&2%dSp5$z
477,Female,adam21,greensharon@example.com,r_1KUs0tYt
478,Female,ajones,mwilliams@example.org,+$g5lKnIie
479,Male,nicholas48,elizabethdaugherty@example.net,Do1Wp!4^)S
480,Female,woodwardann,jpreston@example.com,D!@1kVJo!D
481,Male,jwilliams,anthonybeasley@example.com,u)8JixvtG)
482,Male,fordkristen,floydcourtney@example.com,#H53Xf3rO^
483,Male,xdavis,jhutchinson@example.org,^Jz1%pZyS!
484,Male,ssmith,troymitchell@example.org,2W_IXRQz#L
485,Female,curtis90,margarethess@example.org,@fPs8N@p9d
486,Female,martinezdeborah,williamsscott@example.net,&l7Exj_j0C
487,Female,davisstacy,wongclaudia@example.org,@)3vKEYz$2
488,Male,rodriguezdeanna,felicia55@example.net,@ZYJdhWFz2
489,Female,doughertybrittany,robinthomas@example.com,+LUb*&Rs9G
490,Male,elizabeth22,vlewis@example.net,+EX&Ljcbb1
491,Female,crystal64,holmescharles@example.com,#)4!+bPNi3
492,Female,powelljessica,uhale@example.com,X4oXEO!n%0
493,Male,dbrewer,carl72@example.net,tN61^Lasp)
494,Female,heather46,nataliefowler@example.net,k*uC%9RhKA
495,Female,torreschristine,bhill@example.org,@@2Z6JhOW@
496,Male,xwaller,kevinstevens@example.net,(7ERmHgS+_
497,Female,mullenalejandro,charlesvaughn@example.org,((kj%9Gy2Q
498,Female,lisa68,omorales@example.org,@6VTdK%sKR
499,Female,bpeters,cwaller@example.com,+m0PIHzEln
500,Female,thomas83,williamsmichael@example.net,!6+I(bz*K9
